name;bd1;bd2;bd3;bd4;bd5;bd6;bd7;bd8;adress;gps;tel;mail;web;;
Associates Four Services LLC;Active Member;Class A;Design/Build;Hardscape;Landscape Design;;;;5267 W Airport Rd., Ste. J, Bloomington, IN 47403;39.134879, -86.60157300000003;(812) 825-8255;;https://associatesfour.com/;;
Allen & Scott Enterprises;Active Member;Class A;Design/Build;Hardscape;Irrigation;Landscape Design;Lawncare/Landscape Maintenance;Snow and Ice Removal;136 Casco Dr, Avon, IN 46123;39.7613368, -86.3727973;(317) 339-8536;;http://allenandscottenterprises.com/;;
Alsip Nursery;Associate Member;Hardscape Supplier/ Mulch;Horticulture, Product Supplier;Irrigation Supply;Landscape Design;Ponds;Soil Amendments;Turf/Sod;10255 Wicker Ave, Saint John, IN 46373;41.4325502, -87.46834899999999;(815) 790-0707;-;;;
American BioChar Company;Associate Member;Horticulture, Product Supplier;In-House Landscape Management;Out of State Business;Soil Amendments;Turf/Sod;;;PO Box 962, Niles, MI 49120;41.8297694, -86.2541768;Ph: (269) 663-2224;;https://ambiochar.com/;;
Ameri-Turf;Associate Member;Retail;Soil Amendments;Turf/Sod;Wholesale;;;;4238 E 100 S Anderson, IN 46017;40.0921892, -85.5909042;(765) 378-0256;-;http://www.ameri-turf.com;;
BFG Supply Company;Associate Member;Horticulture, Product Supplier;Irrigation Supply;Out of State Business;Wholesale;;;;PO Box 479, Burton, OH 44021;41.47060889999999, -81.14509950000001;(440) 834-1883;;https://www.bfgsupply.com/;;
Clement Nursery;Active Member;Class D;Conifers;Deciduous trees;Ornamental Trees;Shrubs;;;453 W 450 N Marion, IN 46952;40.614706, -85.6831191;(765) 664-5490;;;;
Brightview Landscape Services;Active Member;Aquatics;Class A;Erosion Control;Irrigation;Landscape Design;Lawncare/Landscape Maintenance;Snow and Ice Removal;8731 Americana Blvd, Indianapolis, IN 46268;39.9135344, -86.251492;(317) 873-9240;-;https://www.brightview.com/;;
Brownsburg Landscape Co and Garden Center LLC;Active Member;Class A;Design/Build;Erosion Control;Garden Center;Hardscape;Irrigation;Landscape Design;10875 N Co Rd 900 E, Brownsburg, IN 46112-0001;39.9227585, -86.3649085;(317) 852-8440;;;;
Bennett’s Greenhouses Inc;Active Member;Annuals;Class A;Conifers;Deciduous trees;Ground Covers;Horticulture Supplies;Landscape Design;3651 McCarty Lane, Lafayette, IN 47905-4995;40.401824, -86.84048999999999;(765) 447-7636;;http://bennettsgreenhouse.com/;;
Evergreen Nursery & Landscape Inc;Active Member;Class C;Conifers;Deciduous trees;Design/Build;Hardscape;Horticulture Supplies;In-House Landscape Management;3754 S US Hwy 231, Crawfordsville, IN 47933;39.985099, -86.903417;(765) 362-6300;;http://www.evergreennurseryandlandscape.com/;;
Cornerstone Landscape Group; The;Active Member;Class A;Design/Build;Hardscape;In-House Landscape Management;Landscape Design;Lawncare/Landscape Maintenance;;620 Hayden St Fort Wayne, IN 46802;41.0719668, -85.1297033;(260) 425-9933;;http://www.cornerstone-landscape.com/;
Dammann’s Garden Center & Greenhouse Inc;Active Member;Annuals;Class B;Conifers;Deciduous trees;Garden Center;Greenhouse;Ground Covers;54 N Auburn St, Indianapolis, IN 46224;39.7663004, -86.244806;(317) 875-1825;;;;
Corressell Landscape; LLC;Active Member;Class A;Design/Build;Hardscape;Landscape Design;Lawncare/Landscape Maintenance;;;3322 Commerce Dr Newburgh, IN 47630;37.985568, -87.349793;(812) 431-5008;;https://www.corressell-landscape.com/;
Don Smock Auction Co Inc;Associate Member;Business Services;;;;;;;6531 S SR 13, Pendleton, IN 46064;40.0091195, -85.8438448;(765) 778-9277;;http://dsaauctions.com/;;
Express Management;Associate Member;Business Services;;;;;;;7939 Bell Oaks Dr., Newburgh, IN 47630;37.9757652, -87.40013549999999;812-204-2474;-;;;
Evans Pines Nursery;Active Member;Class D;Conifers;Retail;Wholesale;;;;11290 East Gregory Rd, Albany, IN 47320;40.309764, -85.257682;(765) 744-2239;;http://www.evanspinesnursery.com;;
Eby’s Evergreen Plantation;Active Member;Class D;Conifers;;;;;;51669 CR 33, Bristol, IN 46507;41.741032, -85.75782600000002;(574) 848-4520;;http://exceptionaltrees.com/;;
East Central High School;Affiliate Member;Educational Facility/Agency;;;;;;;1 Trojan Place, Ste A, St. Leon, IN 47012;39.2792013, -84.97479109999999;(812) 576-4811;-;https://echs.sunmandearborn.k12.in.us/;;
Earth First of Kentuckiana; Inc.;Associate Member;Hardscape Supplier/ Mulch;Mulch;Soil Amendments;Wholesale;;;;9251 Hwy 150, Greenville, IN 47124;38.3691315, -85.9786891;(812) 923-1227;-;https://www.earth-first.com/;
Earth Images Inc;Active Member;Design/Build;Erosion Control;Hardscape;Irrigation;Landscape Design;Lawncare/Landscape Maintenance;Platinum;5868 Stiller Road Floyds Knobs, IN 47119;38.3595, -85.918089;(812) 923-8386;;https://earthimagesinc.com/;;
EquipmentShare;Associate Member;Equipment dealer;;;;;;;6901 E 38th St., Indianapolis, IN 46226;39.8244922, -86.048427;463-777-6002, 888-807-3687;-;;;
Enviroscape Inc;Active Member;Class A;Design/Build;Hardscape;In-House Landscape Management;Landscape Design;Lawncare/Landscape Maintenance;Snow and Ice Removal;930 Industrial Drive, Madison, IN 47250-0001;38.7778361, -85.4077491;(812) 265-6781;;http://www.en-scape.com/;;
Engledow Group;Active Member;Design/Build;Irrigation;Landscape Design;Lawncare/Landscape Maintenance;Platinum;Snow and Ice Removal;;1100 E 116th, St Carmel, IN 46032-0001;39.959197, -86.135428;(317) 575-1100;;https://www.engledow.com/;;
Eason Horticultural Resources Inc;Annuals;Associate Member;Conifers;Deciduous trees;Ground Covers;Ornamental Trees;Out of State Business;Perennials;939 Helen Ruth Drive, Fort Wright, KY 41017;39.014872, -84.5342205;(859) 578-3535;-;https://ehrnet.com/;;
Elcona Country Club;Associate Member;In-House Landscape Management;Ponds;Turf/Sod;;;;;56784 CR 21, Bristol, IN 46507;41.6700495, -85.8513559;56784 CR 21 Bristol, IN 46507;;https://www.elconacc.com/;;
Estes Material Sales; Inc;Associate Member;Hardscape Supplier/ Mulch;Horticulture, Product Supplier;Wholesale;;;;;11793 N. State Rd. 9 Hope, IN 47246;39.3130707, -85.7699886;(812) 546-6181;-;https://www.estesmaterialsales.com/;
Eco Logic LLC;Active Member;Class A;Design/Build;Erosion Control;Landscape Design;;;;8685 W. Vernal Pike, Bloomington, IN 47404;39.1728572, -86.6582421;(812) 876-7711;-;http://ecologicindiana.com/;;
Eric Gillette Horticultural Services;Active Member;Class D;Lawncare/Landscape Maintenance;;;;;;1521 N Jefferson (Delaware Co), Muncie, IN 47303;40.2076459, -85.38244499999999;(765) 760-1450;;;;
David K Company;Active Member;Class D;Design/Build;Landscape Design;;;;;11310 Tall Oak Run, Fort Wayne, IN 46845;41.1883373, -85.0829587;(260) 750-2197;;;;
David LaFara Hardscape Services;Active Member;Aquatics;Class D;Hardscape;;;;;7437 Ewbank Ct., Camby, IN 46113;39.6549316, -86.33319999999999;(765) 537-2512;-;;;
David George;Affiliate Member;;;;;;;;Indianapolis, IN;39.768403, -86.158068;;;;;
Dave Talboom Lawncare/Landscape;Active Member;Class A;Conifers;Design/Build;In-House Landscape Management;Irrigation;Lawncare/Landscape Maintenance;Ornamental Trees;26981 Kline Trl, South Bend, IN 46614;41.59629340000001, -86.38732979999997;(574) 234-4883;;http://davetalboomlawncare.com/;;
Eagleson Landscape Co; Inc.;Active Member;Class C;Design/Build;Hardscape;In-House Landscape Management;Landscape Design;;;2195 W 211th Street, Sheridan, IN 46069;40.0908322, -86.1969865;(317) 997-4803;-;https://eaglesonlandscape.com/;
Dura Products; Inc;Associate Member;Equipment dealer;;;;;;;504 Demoss Ave, Arcadia, IN 46030;40.174134, -86.029143;(855) 502-3872;;http://duraproducts.com/;
Eagle Creek Nursery Co Inc;Active Member;Annuals;Class A;Conifers;Deciduous trees;Design/Build;Ground Covers;Hardscape;8160 N Lafayette Road, Indianapolis, IN 46278-1299;39.9015511, -86.3058486;(317) 291-7660;;;;
Drainage Solutions Inc;Associate Member;Equipment dealer;Hardscape Supplier/ Mulch;Horticulture, Product Supplier;Turf/Sod;;;;771 International Drive Franklin, IN 46131;39.5195169, -86.0667003;(317) 346-4110;-;https://www.drainagesolutionsinc.com/;;
Downtown Indy;Affiliate Member;Non for Profit;;;;;;;111 Monument Circle, Ste 1900, Indianapolis, IN 46204;39.7689624, -86.15709269999999;(317) 237-2201;-;https://www.downtownindy.org/;;
Countryside Landscaping;Active Member;Annuals;Class A;Erosion Control;Hardscape;Irrigation;Landscape Design;Lawncare/Landscape Maintenance;10641 N SR 10, DeMotte, IN 46310 ;41.1680702, -87.1973348;Ph: (219) 987-7700;-;http://www.countrysidelandscapingservices.com/;;
Custom Outdoor Living; Inc;Associate Member;Landscape Design;;;;;;;431 Pulaski Hwy, Galien, MI 49113;41.7983659, -86.4638389;574-993-0629;-;http://www.customoutdoorliving.com;
Cumulus Design;Associate Member;Business Services;;;;;;;Indianapolis, IN;39.768403, -86.15806800000001;(317) 757-8634;;;;
Countryscapes & Gardens;Active Member;Annuals;Class C;Design/Build;Garden Center;Grower;Hardscape;Landscape Design;1680 Lincolnway West Ligonier, IN 46767;41.4668692, -85.6198373;(260) 894-4498;;http://www.countryscapesandgardens.com/;;
Cool Pools;Associate Member;Retail;;;;;;;125 S Park St., Ste. 450, Traverse City, MI 49684;44.763213, -85.6201786;(888) 866-2233;-;https://coolpools.com/;;
Contree Sprayer & Equipment Company;Associate Member;Equipment dealer;Out of State Business;;;;;;W9898 Jackson Rd Beaver Dam, WI 53916;43.4238501, -88.8939971;(800) 433-3579;-;https://contree.com/;;
Colonial Landscaping & Garden Shop Inc;Active Member;Annuals;Class C;Conifers;Deciduous trees;Design/Build;Garden Center;Ground Covers;1229 N Section St Sullivan, IN 47882-0428;39.1101099, -87.4089369;(812) 268-6820;;;;
Bellinger’s Professional Grounds Maintenance Inc;Active Member;Aquatics;Class A;Class D;Conifers;Deciduous trees;Design/Build;Erosion Control;4902 St Rd 25 West, Lafayette, IN 47909;40.3897419, -86.9073704;(765) 572-2241;;https://www.bellingersonline.com/;;
Bayberry Landscaping;Active Member;Class D;Landscape Design;Lawncare/Landscape Maintenance;;;;;420 East Chicago St., Lebanon, IN 46052;40.0521445, -86.4641678;(765) 482-6543;;;;
Belgard;Associate Member;Hardscape Supplier/ Mulch;;;;;;;901 E Troy Ave, Indianapolis, IN 46203-5192;39.7223955, -86.14412579999998;(317) 339-3048;;https://www.belgard.com/;;
BCS – Landscape & Design;Active Member;Annuals;Class D;Conifers;Deciduous trees;Design/Build;Erosion Control;Hardscape;PO Box 258, Michigantown, IN 46057;40.3264255, -86.3927764;(765) 249-5068;;https://bcslandscapeanddesign.com/;;
Brickworks Supply Center; Edgewood Landscape;Active Member;Hardscape;Platinum;;;;;;5518 Shelby St., Indianapolis, IN 46227;39.6858736, -86.1398184;(317) 784-2505;;http://www.brickworkssupply.com/;
Brehob Nurseries LLC;Active Member;Class A;Deciduous trees;Ground Covers;Horticulture Supplies;Mulch;Ornamental Trees;Perennials;4867 Sheridan Rd, Westfield, IN 46062;40.0821302, -86.1009344;(317) 877-0188;;http://www.brehobnursery.com/;;
Brandeis Machinery & Supply;Associate Member;Equipment dealer;;;;;;;8410 Zionsville Rd, Indianapolis, IN 46268;39.9075811, -86.26085479999999;Ph: (317) 872-8410;-;https://brandeismachinery.com/;;
Bowlings Nursery;Associate Member;Hardscape;Horticulture Supplies;Landscape Design;Mulch;;;;2814 Todds Point Rd, Simpsonville, KY 40067;38.2577174, -85.3412966;502-266-9299;;;;
Bosak Motors of Merrillville LLC;Associate Member;Business Services;Equipment dealer;;;;;;3111 W Lincoln Highway Merrillville, IN 46410;41.4700643, -87.37339650000001;(219) 738-2323;-;Bosak Motors of Merrillville;;
Clark’s Cutting Edge; Inc;Active Member;Annuals;Class A;Conifers;Deciduous trees;Erosion Control;Garden Center;Ground Covers;16715 S US Hwy 231, Remington, IN 47977;40.7608729, -87.1508522;(219) 261-2861;-;http://www.clarkscuttingedge.com;
CISCO Companies; The;Associate Member;Ponds;Turf/Sod;;;;;;602 North Shortridge Rd, Indianapolis, IN 46219;39.7782311, -86.0416471;(317) 357-7013;-;https://www.ciscoseeds.com/;
Circle City Outdoors;Active Member;Class B;Design/Build;Lawncare/Landscape Maintenance;Snow and Ice Removal;;;;5851 E 34th St Indianapolis, IN 46218;39.8179609, -86.0680837;(317) 257-7518;;;;
Circle B Lawncare LLC;Active Member;Annuals;Class D;Erosion Control;Ground Covers;Hardscape;In-House Landscape Management;Landscape Design;9251 Ford Ln Mt. Vernon, IN 47620;37.9616438, -87.7502874; (812) 682-9353;-;http://circleblawncare.com/;;
Bobcat of Indy;Associate Member;Equipment dealer;Retail;;;;;;2935 Bluff Rd, Indianapolis, IN 46225;39.7230835, -86.16750669999999;(317) 787-2201;;https://bobcatofindy.com/;;
Blue Grass Farms;Active Member;Annuals;Class A;Conifers;Deciduous trees;Ground Covers;Grower;Mulch;1915 W 53rd St, Anderson, IN 46013;40.06092599999999, -85.7074551;(765) 649-1012;;http://bluegrassfarms.net/;;
Blade Cutters LLC;Active Member;Aquatics;Class A;Design/Build;Erosion Control;Hardscape;Landscape Design;Lawncare/Landscape Maintenance;1205 Erie Court, Crown Point, IN 46307;41.4239199, -87.3426402;(219) 661-8206;;https://www.bladecutters.net/;;
Blue Fox Farms LLC dba Strand Nursery;Active Member;Class D;Deciduous trees;Erosion Control;Ground Covers;Perennials;Retail;Shrubs;5644 W 650 N, Wawaka, IN 46794;41.449146, -85.531424;(260) 894-3996;-;http://www.strandnursery.com/;;
Brightview Landscape Services;Active Member;Aquatics;Erosion Control;Irrigation;Landscape Design;Lawncare/Landscape Maintenance;Platinum;Snow and Ice Removal;5635 Progress St., Indianapolis, IN 46241;39.7303518, -86.2504111;(317) 873-9240;-;https://www.brightview.com/;;
Brightview Landscape Services;Active Member;Aquatics;Class A;Design/Build;Hardscape;Irrigation;Landscape Design;Lawncare/Landscape Maintenance;8046 Castleway Dr., Indianapolis, IN 46250;39.9037322, -86.0563434;(317) 845-9943;-;https://www.brightview.com/;;
Brown Hill Nursery;Active Member;Annuals;Class B;Conifers;Deciduous trees;Design/Build;Garden Center;Hardscape;9250 W 225 S, Columbus, IN 47201;39.1673954, -86.0215266;(812) 342-3565;;;;
Bunch Nurseries Inc;Active Member;Class B;Design/Build;Erosion Control;Hardscape;Irrigation;Landscape Design;Lawncare/Landscape Maintenance;3500 Hulman St, Terre Haute, IN 47803-3885;39.4493073, -87.367115;(812) 232-4331;;;;
Butch Edwards;Affiliate Member;;;;;;;;Nabb, IN;38.6056164, -85.6327409;(502) 876-1481;;;;
Buesching’s Peat Moss & Mulch Inc;Associate Member;Mulch;Retail;Soil Amendments;Wholesale;;;;9134 W Cook Rd, Fort Wayne, IN 46818;41.149049, -85.262795;(260) 625-3358;-;https://www.bueschings.com/;;
Brumond Smith Nursery Inc;Active Member;Class D;Conifers;Deciduous trees;Design/Build;Erosion Control;Garden Center;Ground Covers;6141 S US 35, Muncie, IN 47302;40.1378643, -85.337184;(765) 289-3611;;https://www.brumondsmithnursery.com/;;
Bruce Ewing Landscaping Inc;Active Member;Design/Build;Hardscape;Irrigation;Landscape Design;Lawncare/Landscape Maintenance;Platinum;Snow and Ice Removal;124 N Thomas Rd, Fort Wayne, IN 46808;41.082423, -85.200867;(260) 432-2785;;http://www.bruceewinglandscaping.com/;;
Certified Lawns; Inc.;Active Member;Annuals;Class A;Conifers;Deciduous trees;Erosion Control;Ground Covers;Hardscape;PO Box 151, Greenwood, IN 46143;39.6136578, -86.10665259999999;317-535-1002;-;;
Chuck Orth;Affiliate Member;;;;;;;;Fishers, IN;39.9567548, -86.01335;;;;;
Central Nine Career Center;Affiliate Member;Educational Facility/Agency;;;;;;;1999 US Hwy 31 S, Greenwood, IN 46143-2938;39.4489951, -86.030925;(317)-888-4401;-;https://central9.k12.in.us/;;
Capehart Landscape and Design;Active Member;Class B;Design/Build;Hardscape;Landscape Design;Pools and Spas;Snow and Ice Removal;;8070 Castleton Road, Indianapolis, IN 46250;39.9023475, -86.0520599;(317) 439-0778;;https://www.capehartlandscapeanddesign.com/;;
Calvin Landscape;Active Member;Design/Build;Erosion Control;Hardscape;In-House Landscape Management;Irrigation;Landscape Design;Lawncare/Landscape Maintenance;5221 Ivy Tech Dr Indianapolis, IN 46268;39.9113908, -86.2513623;(317) 247-6316;;http://calvinlandscape.com/;;
Allen Landscape In Highland; LLC;Active Member;Annuals;Conifers;Deciduous trees;Design/Build;Erosion Control;Garden Center;Ground Covers;2539 45th St, Highland, IN 46322;41.537941, -87.4676332;(219) 924-3938;;https://www.allenlandscape.com/;
Allen & Scott Enterprises / dba All Terrain Landscape and Snow Management;Active Member;Aquatics;Class A;Design/Build;Erosion Control;Hardscape;In-House Landscape Management;Irrigation;136 Casco Dr, Avon, IN 46123;39.761426631528, -86.372633696985;(317) 339-8536;-;https://www.allterrainlandscape.com/;;
All Seasons Landscape Management; Inc;Active Member;Class B;Design/Build;Erosion Control;Hardscape;In-House Landscape Management;Landscape Design;Lawncare/Landscape Maintenance;2750 E 55th St, Ste A, Indianapolis, IN 46220;39.8529573, -86.11796340000001;(317) 259-9222;;http://www.allseasonsindy.com/;
AHC Ground Services;Active Member;Class D;Lawncare/Landscape Maintenance;Snow and Ice Removal;;;;;2341 Taft St, Gary, IN 46404;41.5762676, -87.3655445;(219) 944-9727;;;;
Ajay’s Nursery Inc;Active Member;Class D;Design/Build;Hardscape;Irrigation;Lawncare/Landscape Maintenance;Snow and Ice Removal;;2250 N Mitthoeffer Rd., Indianapolis, IN 46229;39.8000706, -85.9923898;(317) 897-8431;;https://www.ajaysnursery.com/;;
Agrecol Native Nursery;Associate Member;Horticulture, Product Supplier;Turf/Sod;;;;;;10101 N Casey Rd, Evansville, WI 53536;42.8178366, -89.1921776;(608) 223-3571;-;http://www.agrecol.com/;;
All Property Services;Active Member;Class B;Conifers;Deciduous trees;Greenhouse;Ground Covers;Landscape Design;Lawncare/Landscape Maintenance;117 E Washington St., Ste #300, Indianapolis, IN 46204;39.7667372, -86.1554231;(317) 238-4500;;;;
Ag Nutrition; LLC;Associate Member;Consultant;Horticulture, Product Supplier;;;;;;13670 Brooks School Road, Noblesville, IN 46060;39.9881913, -85.9419119;317-507-0238;-;;
Advanced Turf Solutions; Inc.;Associate Member;Consultant;Equipment dealer;Horticulture Supplies;Turf/Sod;Wholesale;;;12840 Ford Dr, Fishers, IN 46038;39.9746745, -86.0059384;Ph: (317) 842-1088;-;https://www.advancedturf.com/;
Advanced Tree Technology;Active Member;Class D;Conifers;Deciduous trees;Ornamental Trees;Retail;Wholesale;;12818 Edgerton Road, New Haven, IN 46774;41.0765928, -84.974724;(260) 749-0891;;https://advancedtree.com/;;
Acorn Farms Inc;Annuals;Associate Member;Conifers;Deciduous trees;Greenhouse;Ground Covers;Grower;Hardscape;7679 Worthington Rd, Galena, OH 43021;40.15094749159, -82.949512491016;(614) 891-9348;-;http://www.acornfarms.com/;;
Aching Acres Landscaping Inc;Active Member;Conifers;Deciduous trees;Design/Build;Ground Covers;Hardscape;Horticulture Supplies;Landscape Design;8425 Schmuck Rd., Evansville, IN 47712;37.9339564, -87.6772022;(812) 985-5250, (812) 305-2800;;http://www.achingacres.com/;;
Aching Acres Wholesale Nursery;Satellite Member;;;;;;;;10944 Telephone Rd, Chandler, IN 47610;38.00649300000001, -87.44914700000001;812-471-5800;-;;;
Abrams Nursery;Associate Member;Horticulture, Product Supplier;Out of State Business;;;;;;4609 Glenarm Rd. Crestwood, KY 40014;38.35801, -85.472546;5 024 396 868;-;http://abramsnursery.com/;;
Andrew Marrs Garden Design LLC;Active Member;Class D;Landscape Design;;;;;;800 N Smith Rd Apt. 34X, Bloomington, IN 47408;39.1716773, -86.4794044;(812) 369-9629;-;;;
Aquatic Design and Supplies; Inc;Active Member;Aquatics;Class B;Garden Center;Landscape Design;Retail;Soil Amendments;;445 N Chestnut St., Monrovia, IN 46157;39.5846747, -86.47913969999999;317-996-3106;-;;
Apple House Inc; The;Active Member;Annuals;Class A;Conifers;Deciduous trees;Ground Covers;Horticulture Supplies;Landscape Design;2611 S Harding Ave, Terre Haute, IN 47802;39.4383747, -87.4158763;(812) 232-1495;;http://www.theapplehouse.com/;
Ammon Wholesale Nursery Inc;Associate Member;Conifers;Deciduous trees;Ground Covers;Grower;Hardscape Supplier/ Mulch;Horticulture, Product Supplier;Mulch;6089 Camp Ernst Rd, Burlington, KY 41005;39.01915639065, -84.703442813492;(859) 586-6246;-;http://www.ammonplants.com;;
Adam’s Landscaping & Lawncare; Inc;Active Member;Class A;Design/Build;Erosion Control;Hardscape;Irrigation;Landscape Design;;7001 W 108th Ave, Crown Point, IN 46307;41.4223157, -87.4192218; (219) 322-6477;-;https://www.adamslandscape.com/;
Abell Nursery & Landscaping;Active Member;Annuals;Class A;Conifers;Deciduous trees;Design/Build;Garden Center;Ground Covers;7667 W St Rd 45, Bloomington, IN 47403;39.108855, -86.640556;(812) 825-2530;;https://abellnursery.com/;;
American Native Plants;Associate Member;Out of State Business;;;;;;;7500 Marshy Point Rd., Middle River, MD 21220;39.3391327, -76.3612187;410-529-0552;-;http://www.americannativeplants.com;;
ArborTerra Consulting Inc;Active Member;Class D;Erosion Control;;;;;;PO Box 148, Lizton, IN 46149;39.8867109, -86.5433345;(317) 796-7154;;http://www.arborterra.com/;;
Arbor Pro Care Tree & Lawn;Active Member;Class D;;;;;;;374 N 450 E, Valpariso, IN 46383;41.4890554, -86.9792035;(219) 617-8227;;;;
Aspen Outdoor Designs Inc;Active Member;Design/Build;Hardscape;Landscape Design;Platinum;;;;11010 E 156th St, Noblesville, IN 46060;40.016103, -85.970297;(317) 774-0156;;http://www.aspenoutdoordesigns.com/;;
Arborjet; Inc.;Associate Member;Equipment dealer;Horticulture, Product Supplier;Out of State Business;;;;;99 Blueberry Hill Rd, Woodburn, MA 01801 ;42.4743696, -71.1341754;(781) 935-9070;;https://arborjet.com/;
A2 Design;Associate Member;Landscape Design;;;;;;;315 W 84th St, Indianapolis, IN 46260;39.9081715, -86.1639094;(317) 750-5869;-;;;
A+ Outdoor Services LLC;Active Member;Class A;Design/Build;Hardscape;Landscape Design;Lawncare/Landscape Maintenance;Snow and Ice Removal;;2300 E CR 400 S, Brownstown, IN 47220;38.824044, -85.993118;(812) 521-0746;;;;
A&L Great Lakes Laboratories; Inc.;Associate Member;Business Services;Soil Amendments;;;;;;3505 Conestoga Dr, Fort Wayne, IN 46808;41.1068472, -85.1834535;(260) 483-4759;-;https://algreatlakes.com/;
4 Seasons Landscaping LLC;Active Member;Annuals;Class D;Conifers;Deciduous trees;Ground Covers;Perennials;Shrubs;4086 S CR 950 W, French Lick, IN 47432;38.4987806, -86.6354234;(812) 371-8012;;;;
Arbor Farms Nursery;Active Member;Annuals;Class A;Conifers;Deciduous trees;Garden Center;Ground Covers;Landscape Design;12515 Coldwater Rd, Fort Wayne, IN 46845;41.1982442, -85.13455590000001;(260) 637-5816;;http://arborfarmsnursery.com/;;
BAM Outdoor; Inc.;Active Member;Design/Build;Hardscape;Landscape Design;Lawncare/Landscape Maintenance;Platinum;Snow and Ice Removal;;PO Box 2132, Noblesville, IN 46061;40.04, -86;(317) 896-1414;;https://bamoutdoorinc.com/;
317 Grow;Active Member;Class A;Design/Build;Hardscape;In-House Landscape Management;Landscape Design;Lawncare/Landscape Maintenance;Snow and Ice Removal;5700 W Minnesota, Ste E-1, Indianapolis, IN 46241;39.7446791, -86.2568084;Ph: (317) 251-4769;-;https://317grow.com/;;
Back 2 Earth Organic Recycling;Associate Member;Horticulture Supplies;Soil Amendments;;;;;;402 W 100 N, Reynolds, IN 47980;40.7655976, -86.88120699999999;(765) 201-5714;;https://b2eorganicrecycling.com/;;
Ball State University;Active Member;Class D;Design/Build;Erosion Control;Hardscape;In-House Landscape Management;Irrigation;Landscape Design;3401 N Tillotson Ave, Muncie, IN 47306;40.2202355, -85.4196085;(765) 285-5092;;;;
Automatic Supply;Associate Member;Consultant;Hardscape Supplier/ Mulch;Horticulture, Product Supplier;Irrigation Supply;Retail;Snow and Ice Removal;Watergardens;116 Shadowlawn Dr, Fishers, IN 46038;39.9521945, -86.0442765;(317) 842-3123;-;http://www.askautomatic.com/;;
Fireboulder;Associate Member;Hardscape Supplier/ Mulch;;;;;;;226 E Staat St, Fortville, IN 46040;39.9349366, -85.8476039;(317) 750-7384;-;https://fire-boulder.com/;;
Four Seasons Landscaping Nursery Inc;Active Member;Class B;Conifers;Deciduous trees;Garden Center;Ground Covers;Grower;Horticulture Supplies;226 E. US Hwy 6, Valparaiso, IN 46383-9773;41.549774, -87.024094;(219) 464-4941;-;https://www.fourseasonsvalpo.com/;;
GreenCycle;Associate Member;Consultant;Educational Facility/Agency;Hardscape Supplier/ Mulch;Horticulture, Product Supplier;Mulch;Soil Amendments;Turf/Sod;1103 West Troy Ave, Indianapolis, IN 46225;39.7203264, -86.1795138;(317) 769-5668;-;https://greencycleindy.com/;;
Green Vista Landscaping;Active Member;Class A;Design/Build;Hardscape;Lawncare/Landscape Maintenance;Snow and Ice Removal;;;23090 SR 37 N, Noblesville, IN 46060;40.1193615, -85.9459633;(317) 773-7911;-;https://www.greenvistalandscaping.com/;;
Global Tech;Active Member;Class D;Erosion Control;;;;;;6531 N CR 800 W, Yorktown, IN 47396;40.2459724, -85.5408715;(317) 341-5816;;;;
Greenvision LLC;Active Member;Class D;Design/Build;Hardscape;Landscape Design;;;;PO Box 831, Lafayette, IN 47902;40.42, -86.85000000000002;(765) 429-4900;-;;;
Hensler Nursery Inc;Active Member;Class C;Conifers;Deciduous trees;;;;;5715 North 750 East, Hamlet, Indiana 46532;41.38441559334186, -86.55552022006839;(574) 867-4192;-;http://www.henslernurseryindiana.com/;;
Hortica; a brand of the Sentry Insurance Group;Associate Member;Business Services;Out of State Business;;;;;;1 Horticultural Lane, Edwardsville, IL 62025;38.7934438, -89.8852858;(800) 851-7740;-;https://www.hortica.com/;
Hardesty Landscaping;Active Member;Class C;Consultant;Design/Build;Hardscape;In-House Landscape Management;Landscape Design;Snow and Ice Removal;909 East South Street, Frankfort, IN 46041;40.2777503, -86.5020432;(765)242-6015;-;;;
Hortech Inc;Associate Member;Ground Covers;Grower;Out of State Business;Perennials;Wholesale;;;PO Box 533 Spring Lake, MI 49456;43.07696250000001, -86.19699709999999;(616) 842-1392;-;http://www.premiumplants.net;;
Indiana University- Capital Planning & Facilities;Associate Member;Educational Facility/Agency;;;;;;;2222 E 10th St, Bloomington, IN 47408;39.1711702, -86.5059318;(812) 855-7152;-;http://www.facilityoperations.indiana.edu;;
Indiana Mulch & Stone LLC;Associate Member;Hardscape Supplier/ Mulch;Mulch;Retail;Soil Amendments;Wholesale;;;1451 S West St, Indianapolis, IN 46225;39.748434, -86.167254;(317) 638-8334;-;http://www.indianamulch.com/;;
Indiana Irrigation Co Inc;Associate Member;Irrigation Supply;;;;;;;12 Main Street, Onward, IN 46967;40.6927348, -86.1943451;(574) 626-3398;-;http://www.indianairrigation.com/;;
John Holmlund Nursery;Associate Member;;;;;;;;29285 SE Hwy 212, Boring OR 97009;45.4325972, -122.3613344;(503) 663-6650;-;;;
LaPorte County Nursery;Active Member;Class B;Conifers;Deciduous trees;Garden Center;Grower;Ornamental Trees;Shrubs;7657 W St Rd 2, LaPorte, IN 46350;41.5982573, -86.74093390000002;(219) 785-2891;-;http://www.laportecountynursery.com/;;
Landscapes Unlimited;Active Member;Class A;Design/Build;Hardscape;In-House Landscape Management;Irrigation;Landscape Design;Lawncare/Landscape Maintenance;5155 W Old 106th St, Zionsville, IN 46077-0001;39.940008, -86.2506449;(317) 873-5886;-;http://www.landscapesunlimitedin.com/;;
Lawn Landscape Company;Active Member;Aquatics;Class B;Design/Build;Hardscape;Landscape Design;Lawncare/Landscape Maintenance;Snow and Ice Removal;PO Box 185 (Boone Co.), Zionsville, IN 46077;39.9508733, -86.261937;(317) 696-0253;;;;
LAWN and SHRUB Inc;Active Member;Class B;Design/Build;Hardscape;Irrigation;Landscape Design;Lawncare/Landscape Maintenance;Snow and Ice Removal;3721 N 500 E, Lafayette, IN 47905-7867;40.4728459, -86.807709;(765) 589-3276;-;http://lawnandshrub.com/;;
Lawn & Turf Landscaping; Inc.;Active Member;Class A;Design/Build;Hardscape;Landscape Design;Lawncare/Landscape Maintenance;Snow and Ice Removal;;6136 Winchester Rd, Fort Wayne, IN 46819;41.0294924, -85.149953;(260) 747-3298;-;https://lawnandturfland.com/;
Lemcke Landscape;Active Member;Class A;Design/Build;Hardscape;Irrigation;Landscape Design;Lawncare/Landscape Maintenance;Snow and Ice Removal;4502 W 73rd St, Indianapolis, IN 46268;39.884250379827, -86.237685058202;(317) 875-8267;-;http://lemckelandscape.com/;;
Laura Stine Gardens;Active Member;Class D;Design/Build;Hardscape;Landscape Design;Lawncare/Landscape Maintenance;;;5723 Lower Huntington Rd, Fort Wayne, IN 46809;41.011565, -85.21534099999997;(260) 414-7758;-;https://www.laurastinegardens.com/;;
Huser’s Firefighter Lawn & Landscape;Active Member;Class B;Design/Build;Hardscape;Landscape Design;Lawncare/Landscape Maintenance;Pools and Spas;;2828 Canterbury Lane, Indianapolis, IN 46220;39.8784272, -86.1147609;(317) 603-1528;;;;
Indian Creek Stone Products;Associate Member;Hardscape Supplier/ Mulch;;;;;;;209 US Hwy 50 W Mitchell, IN 47446;38.7248116, -86.6801909;(812) 849-4808;-;https://www.indiancreekstone.com/;;
Huntington Nursery;Active Member;Annuals;Class B;Conifers;Deciduous trees;Design/Build;Erosion Control;Ground Covers;2964 West Park Dr, Huntington, IN 46750-8901;40.879707, -85.528066;(260) 356-4718;-;http://huntingtonnursery.com/;;
Hulen’s Landscaping; Inc.;Active Member;Annuals;Class C;Conifers;Deciduous trees;Design/Build;Ground Covers;Hardscape;4061 E Rt 6, Kendallville, IN 46755;41.453541, -85.334249;(260) 347-0861;-;;
Landscapes by Dallas Foster Inc;Active Member;Class A;Design/Build;Hardscape;Irrigation;Landscape Design;Lawncare/Landscape Maintenance;;3729 North Camp Arthur Rd, Vincennes, IN 47591;38.73098386608, -87.482384138623;(812) 882-0719;-;http://www.dallasfoster.com/;;
Hubinger Landscaping Corp.;Active Member;Annuals;Class B;Conifers;Deciduous trees;Design/Build;Ground Covers;Hardscape;210 E 113th Ave, Crown Point, IN 46307;41.4139971, -87.3327143;(219) 662-9911;-;http://hubingers.com/;;
Landscape Solutions;Active Member;Aquatics;Erosion Control;In-House Landscape Management;Irrigation;Landscape Design;Lawncare/Landscape Maintenance;Platinum;15325 Herriman Blvd, Noblesville, IN 46062;40.0119077, -86.0060093;(317) 776-3781;-;https://www.landscapesolutionsllc.com/;;
Landscape Specialties Inc.;Active Member;Aquatics;Class B;Conifers;Design/Build;Hardscape;Irrigation;Lawncare/Landscape Maintenance;7516 E. Thompson Road, Indianapolis, IN 46239;39.6961168, -86.03503560000001;(317) 862-5880;-;;;
Joe Dirt Landscaping;Active Member;Class D;Design/Build;Hardscape;Landscape Design;;;;528 South SR 115, Wabash, IN 46992;40.7994224, -85.8675827;(260) 563-3478;-;;;
Joe Ramey;Affiliate Member;;;;;;;;Paragon, Indiana;39.395136631528, -86.562150269907;(317) 341-3667;-;;;
Jay-Crew Landscape; Inc;Active Member;Design/Build;In-House Landscape Management;Irrigation;Lawncare/Landscape Maintenance;Platinum;Snow and Ice Removal;;2901 S Gharkey St,  Muncie, IN 47302;40.170051, -85.3942201;(765) 289-5296;-;https://jaycrew.com/;
Landscape Concepts Management Inc;Active Member;Class A;Hardscape;Irrigation;Landscape Design;Lawncare/Landscape Maintenance;Snow and Ice Removal;;31745 N Alleghany Rd, Grays Lake, IL 60030;42.3241263, -88.0527742;(866) 655-3800;-;https://www.landscapeconcepts.com/;;
Lakeshore Seasonal Services; Inc.;Active Member;Annuals;Conifers;Deciduous trees;Ground Covers;Hardscape;In-House Landscape Management;Irrigation;1855 Clifford Road, Valparaiso, IN 46384;41.4722802, -87.0843746;(219) 462-9555;-;https://lakeshorelandscaping.com/;
Kraft Nursery; Inc;Active Member;Class B;Conifers;Deciduous trees;Design/Build;Grower;Hardscape;Horticulture Supplies;14930 Bender Rd, Evansville, IN 47720;38.1155295, -87.61605529999997;(812) 963-5011;-;https://www.kraftnursery.net/;
Jansen Landscaping Inc;Active Member;Class D;Design/Build;Hardscape;Lawncare/Landscape Maintenance;;;;24365 CR 28, Goshen, IN 46526;41.610264, -85.933668; (574) 875-5422;-;http://www.jansenlandscaping.com/;;
Knightstown Elevator Inc;Active Member;Class D;Design/Build;Hardscape;Landscape Design;;;;4 West Grant Street, Knightstown, IN 46148-0065;39.790438, -85.5274;(765) 345-2181;-;http://www.knightstownelevator.com/;;
Kim Rayburn Landscape Design and Consultation;Active Member;Class C;Design/Build;Hardscape;Landscape Design;Lawncare/Landscape Maintenance;;;2810 California Court, Columbus, IN 47201;39.2282639, -85.9149413;(812) 764-4326;-;;;
Kenney Machinery Corp;Associate Member;Equipment dealer;;;;;;;8420 Zionsville Rd, Indianapolis, IN 46268;39.9083105, -86.2638543;(317) 872-4793;-;https://kmcturf.com/;;
Kankakee Nursery Co;Associate Member;Grower;Horticulture, Product Supplier;Out of State Business;Wholesale;;;;PO Box 288 Aroma Park, IL 60910;41.07776519999999, -87.8046111;(800) 344-7697;-;https://www.kankakeenursery.com/;;
Just-In-Time Lawn Care LLC;Active Member;Annuals;Class C;Erosion Control;Irrigation;Landscape Design;Lawncare/Landscape Maintenance;Snow and Ice Removal;7425 East 86th St, Indianapolis, IN 46256;39.9120953, -86.0376135;(812) 955-0618;-;http://www.jitlawn.com/indy;;
Jud Scott Consulting Arborist LLC;Active Member;Arborist;Class D;Consultant;;;;;4721 E. 146th St., Carmel, IN 46033;39.9999712, -86.0910726;(317) 815-8733;;http://arboristexpert.com/;;
Indiana Business Appraisals LLC;Associate Member;Business Services;Consultant;;;;;;PO Box 134, New Albany IN 47151;38.29, -85.8199999;812) 590-4155;;https://indianaba.com/;;
Jackson’s Nursery Inc;Active Member;Class A;Conifers;Deciduous trees;Design/Build;Garden Center;Ground Covers;Grower;7183 E CR 400 N, Greensburg, IN 47240;39.3942859, -85.3441003;(812) 527-2975;-;http://jacksonsnursery.com/;;
Indiana Berry & Plant Co;Active Member;Class A;Retail;Soil Amendments;Wholesale;;;;2811 Michigan Rd, Plymouth, IN 46563;41.4377652, -86.3121064;(574) 784-2310;-;https://www.indianaberry.com/;;
IUPUI Grounds Dept;Associate Member;Educational Facility/Agency;;;;;;;1050 Wishard Blvd., Rm 202A, Indianapolis, IN 46202;39.7786078, -86.1778779;(317) 274-3816;-;https://cfs.iupui.edu/services/grounds-services.html;;
Indy Turf and Landscape LLC;Active Member;Class A;Erosion Control;Landscape Design;Lawncare/Landscape Maintenance;Retail;Snow and Ice Removal;;2444 S 600 W, Anderson, IN 46011;40.0690638, -85.7858651;(317) 407-1035;-;https://www.indyturf.com/;;
Indianapolis Museum of Art — Grounds Dept;Associate Member;Retail;;;;;;;4000 N Michigan Rd, Indianapolis, IN 46208;39.8260205, -86.1857647;(317) 923-1331 ext 574;-;https://discovernewfields.org/;;
Indianapolis Motor Speedway;Associate Member;In-House Landscape Management;Turf/Sod;;;;;;4790 W 16th St., Indianapolis, IN 46222;39.7880476, -86.2387976;317-492-6532;-;;;
Home Nursery Inc;Associate Member;Conifers;Deciduous trees;Ground Covers;Grower;Horticulture, Product Supplier;Ornamental Trees;Out of State Business;PO Box 128 Albers, IL 62215;38.5433823, -89.6123129;(618) 248-5194, xtn 104;-;http://www.homenursery.com/;;
Hittle Landscaping Inc;Active Member;Design/Build;Erosion Control;Hardscape;Irrigation;Landscape Design;Lawncare/Landscape Maintenance;Platinum;17778 Sun Park Dr, Westfield, IN 46074;40.046203, -86.1387247;(317) 896-5697;-;https://www.hittlelandscape.com/;;
Herman Losely & Son; Inc.;Associate Member;Conifers;Deciduous trees;Ground Covers;Out of State Business;Perennials;Shrubs;Wholesale;3410 Shepard Rd, Perry, OH 44081;41.7493997, -81.1650381;(440) 259-2725;-;https://losely.com/;
Henneke Nursery;Active Member;Class D;Grower;Ornamental Trees;Perennials;Shrubs;Wholesale;;2504 N. Co Rd 525 E, Milan, IN 47031;39.109196021546, -85.164020443933;(812) 654-2887;-;;;
Helms Lawn Specialist; Inc.;Active Member;Class D;Design/Build;Erosion Control;Hardscape;In-House Landscape Management;Landscape Design;Lawncare/Landscape Maintenance;74 N US Hwy 421, Delphi, IN 46923;40.5488451, -86.6457495;(765) 564-3728;-;;
Heartland Growers Inc;Active Member;Annuals;Greenhouse;Grower;Platinum;Wholesale;;;2621 E 186th St, Westfield, IN 46074-9683;40.05574637346, -86.116306084656;(317) 896-9355;;http://www.heartlandgrowers.com/;;
Harrells;Associate Member;Horticulture, Product Supplier;Out of State Business;Soil Amendments;Turf/Sod;;;;711 Sherwood Dr. Madison, OH 44057;41.7603463, -81.0608468;(740) 644-9020;;;;
Hank Metzger Landscape Inc;Active Member;Irrigation;Landscape Design;Lawncare/Landscape Maintenance;Platinum;;;;3037 S 7th St, Terre Haute, IN 47802-0001;39.43189, -87.40723220000001;(812) 235-3243;-;http://hankmetzgerlandscape.com/;;
Hanover College;Active Member;Class D;In-House Landscape Management;Irrigation;Lawncare/Landscape Maintenance;Snow and Ice Removal;;;359 E LaGrange Rd, Hanover, IN 47243;38.7277909, -85.4615515;(812) 866-7066;-;;;
Grower Direct Supply Inc;Associate Member;;;;;;;;1199 Fairway Dr Ste 112 Walnut CA 91789;33.993195, -117.870296;(479) 366-3375;-;https://growerdirectsupply.com;;
Greenwood Turf Management LLC;Active Member;Class D;Landscape Design;Lawncare/Landscape Maintenance;Snow and Ice Removal;;;;1197 W Whiterock Rd., Brazil, IN 47834;39.5068404, -87.1352142;(812) 236-7889;-;;;
Greenleaf Nursery Company;Annuals;Associate Member;Conifers;Ground Covers;Grower;Ornamental Trees;Out of State Business;Perennials;28406 Hwy 82 Park Hill, OK 74464;35.7637308, -94.9074668;(800) 331-2982;-;https://www.greenleafnursery.com/;;
GreenImage Landscape;Active Member;Class A;Design/Build;Hardscape;Irrigation;Lawncare/Landscape Maintenance;Snow and Ice Removal;;PO Box 4179, Carmel, IN 46082;39.97, -86.17000000000002;(317) 288-2921;-;https://greenimagelandscape.com/;;
Greenfield Landscape Services Inc;Active Member;Class A;Design/Build;Hardscape;Irrigation;Landscape Design;Lawncare/Landscape Maintenance;Snow and Ice Removal;2523 Messick Dr, Goshen, IN 46526;41.5525315, -85.81318240000002;(574) 533-9544;-;http://www.greenfieldlandscape.com/;;
Greendell Landscape Solutions;Active Member;Annuals;Conifers;Deciduous trees;Ground Covers;Horticulture Supplies;Mulch;Ornamental Trees;749 W. State Road 42, Mooresville, IN 46158-6045;39.5908772, -86.4412094;(317) 996-2826;-;https://greendelllandscape.com/;;
Grant Line Nursery and Garden Center;Active Member;Annuals;Class B;Conifers;Deciduous trees;Design/Build;Garden Center;Ground Covers;2223 Grant Line Rd., New Albany, IN 47150;38.3094004, -85.8214648;(812) 945-5676;-;http://grantlinegarden.com/;;
Good Earth; LLC;Active Member;Class B;Mulch;Soil Amendments;Wholesale;;;;650 E Empire Mill Rd Bloomington, IN 47401;39.0844606, -86.5317428;(812) 824-7928;-;http://www.gogoodearth.com/;
Goodmark Nurseries;Associate Member;Horticulture, Product Supplier;Out of State Business;;;;;;8920 Howe Rd, Wonder Lake, IL 60097;42.412698, -88.372356;(815) 653-9293;-;https://www.goodmarknurseries.com/;;
Golf Club of Indiana;Associate Member;;;;;;;;PO Box 5009, Zionsville, IN 46077;39.951097878821, -86.2615854526;(317) 371-4638;-;https://golfindiana.com/;;
Gluesenkamps Designscape Hort Serv;Active Member;Aquatics;Class A;Conifers;Deciduous trees;Design/Build;Erosion Control;Ground Covers;2877 S T C Steele Rd, Nashville, IN 47448-9584;39.1200091, -86.3421694;(812) 988-8900;-;http://designhort.com/;;
Green Touch Services;Active Member;Design/Build;Erosion Control;Hardscape;In-House Landscape Management;Irrigation;Landscape Design;Lawncare/Landscape Maintenance;6314 W Broadway, McCordsville, IN 46055;39.8939848, -85.9243457;(317) 335-2628;-;https://greentouchservices.com/;;
Green Stone; LLC;Associate Member;Hardscape;Hardscape Supplier/ Mulch;;;;;;4455 E Conner St, Noblesville, IN 46060;40.0423143, -85.9668566;(317) 414-6881;-;https://greenstonecompany.com/;
Green Acres Landscape & Design; Inc;Active Member;Class A;Deciduous trees;Design/Build;Erosion Control;Hardscape;Irrigation;Landscape Design;3431 Senour Rd, Indianapolis, IN 46239-0001;39.7195169, -85.9745555;(317) 862-4310;-;https://greenacreslandscaping.com/;
Ginger Valley Inc;Active Member;Annuals;Class B;Conifers;Deciduous trees;Design/Build;Garden Center;Ground Covers;15065 SR 23 ,Granger, IN 46530;41.7327948, -86.1606701;(574) 271-0202;-;http://www.gingervalley.com/;;
Gillette/Duling Tree – Landscape;Class D;Lawncare/Landscape Maintenance;;;;;;;1521 N Jefferson, Muncie, IN 47303-3050;40.2076459, -85.38244499999996;(765) 282-2284;-;;;
Garfield Park Conservatory and Sunken Gardens;Affiliate Member;Educational Facility/Agency;;;;;;;2505 Conservatory Dr. Indianapolis, IN 46203;39.7322103, -86.1413451;(317) 327-7183;-;https://www.garfieldgardensconservatory.org/;;
Franco Landscaping Inc;Active Member;Design/Build;Hardscape;Platinum;;;;;9330 Maloney Rd. Brownsburg, IN 46112;39.886772, -86.357306;(317) 858-3858;-;http://www.francoland.com/;;
Foegley Landscape Inc;Active Member;Aquatics;Design/Build;Erosion Control;Hardscape;Irrigation;Landscape Design;Lawncare/Landscape Maintenance;52215 N Lilac Rd South Bend, IN 46628-0001;41.7344921, -86.2778185;(574) 277-2424;-;https://www.foegleylandscape.com/;;
Forest Commodities Inc;Active Member;Class A;Hardscape Supplier/ Mulch;Lawncare/Landscape Maintenance;Mulch;Soil Amendments;;;1789 S Old St Rd 67, Martinsville, IN 46151;39.3948739, -86.5337545;(765) 349-3291;-;https://forestcommodities.com/;;
Flower & Herb Barn Nursery;Active Member;Annuals;Class D;Conifers;Deciduous trees;Design/Build;Garden Center;Ground Covers;3497 Claylick Rd, Nashville, IN 47448;39.2467553, -86.1798197;(812) 988-2689;;;;
Finn All Seasons;Associate Member;Equipment dealer;Horticulture, Product Supplier;Out of State Business;Soil Amendments;;;;4125 Port Union Rd, Fairfield, OH 45014;39.3306403, -84.48374659999999;(513) 881-4580;-;https://www.finnallseasons.com/;;
Fiano Landscapes;Active Member;Annuals;Class A;Conifers;Deciduous trees;Design/Build;Ground Covers;Hardscape;1990 N Meridian Rd, Greenfield, IN 46140;39.8130979, -85.8034799;(317) 318-1015;-;http://fianolandscapes.com/;;
Fahl Colors Landscape Design & Build;Active Member;Class C;Conifers;Deciduous trees;Design/Build;Grower;Hardscape;Landscape Design;3535 W. 300 S., Columbia City, IN 46725;41.1172813, -85.5606854;(260) 609-7265;;;;
Fairview Evergreen Nurseries Inc;Associate Member;Conifers;Deciduous trees;Ornamental Trees;Out of State Business;Shrubs;Wholesale;;7463 West Ridge Road, Fairview, PA 16415;42.0320333, -80.2544687;(800) 458-2234;-;http://www.fairviewevergreen.com/;;
Five Stones Marketing LLC;Associate Member;;;;;;;;PO Box 318, Zionsville, IN 46077 ;39.951052963057, -86.26165576208;317-344-9296;-;http://www.fivestonesmarketing.com;;
M & K Truck Centers;Associate Member;Equipment dealer;Retail;;;;;;1401 Harding Court, Indianapolis, IN 46217;39.6957184, -86.1830743;(317) 503-9621;-;https://www.mktruckcenters.com/;;
Mascari Lawn & Landscape; Inc.;Active Member;Class A;Design/Build;Erosion Control;Hardscape;In-House Landscape Management;Irrigation;Landscape Design;2215 Lafayette Ave, Terre Haute, IN 47805;39.5114156, -87.382604;(812) 466-6807;-;http://mascarilawnandlandscape.com/;
Midwest Landscape Industries; Inc;Active Member;Design/Build;Hardscape;Irrigation;Lawncare/Landscape Maintenance;Platinum;Snow and Ice Removal;;6800 E 30th St., Ste. 100, Indianapolis, IN 46219;39.8111143, -86.05084169999999;(317) 672-3788;-;https://www.mli-in.com/;
Midwest Groundcovers;Associate Member;Conifers;Ground Covers;Grower;Out of State Business;Perennials;Shrubs;Wholesale;6N800 IL-25 St. Charles, IL 60174 ;41.969242, -88.286705;(847) 742-1790;-;https://www.midwestgroundcovers.com/;;
Mother Nature Landscaping; Inc.;Active Member;Aquatics;Design/Build;Hardscape;Irrigation;Landscape Design;Lawncare/Landscape Maintenance;Platinum;4848 S Walnut Street Pike  Bloomington, IN 47401;39.1091392, -86.5265123;Phone: (812) 339-5296;-;http://www.mothernature-landscaping.com/;
Mulch Manufacturing; Inc.;Associate Member;Hardscape Supplier/ Mulch;Out of State Business;;;;;;6747 Taylor Rd SW, Reynoldsburg, OH 43068;39.996792, -82.764552;(614) 864-4004;-;http://mulchmfg.com/;
New Leaf Landscape Consulting; Inc.;Active Member;Class D;Design/Build;Hardscape;Landscape Design;Lawncare/Landscape Maintenance;;;PO Box 1761 Bloomington, IN 47402;39.09, -86.47000000000003;(812) 322-3091;-;https://www.newleafconsult.com/;
North Branch Nursery;Associate Member;Out of State Business;;;;;;;3359 Kesson Rd, Pemberville OH, 43450;41.4020813, -83.4611458;(419) 287-4679;;;;
Ohio Nursery Exchange;Associate Member;Conifers;Grower;Out of State Business;Perennials;Shrubs;Wholesale;;411 North State Route 235, New Carlisle, OH 45344-2149;40.3560869, -83.909748;(937) 845-3821;-;https://www.ohionurseryexchange.com/;;
Perk-A-Lawn Gardens; Inc.;Active Member;Annuals;Class A;Conifers;Deciduous trees;Design/Build;Erosion Control;Ground Covers;2470 Maranatha Ln, Vincennes, IN 47591;38.6906703, -87.50539189999999;(812) 882-5752;-;http://www.perkalawngardens.com/;
Price Nurseries; Inc.;Active Member;Class B;Conifers;Deciduous trees;Design/Build;Hardscape;Landscape Design;Lawncare/Landscape Maintenance;7880 King Rd, Plymouth, IN 46563-9575;41.3639331, -86.2613978;(574) 936-4459;-;https://www.pricenurseries.com/;
Prestige Lawn Solutions;Active Member;Class A;Landscape Design;Lawncare/Landscape Maintenance;Snow and Ice Removal;;;;5358 Victory Drive Ste B, Indianapolis, IN 46203;39.7024443, -86.0756576;317-222-4187;-;;;
Property Pros Land Management LLC;Active Member;Design/Build;Hardscape;Irrigation;Landscape Design;Lawncare/Landscape Maintenance;Platinum;Snow and Ice Removal;1200 E Broadway St, Fortville, IN 46040;39.940425, -85.824636;(317) 482-3111;-;https://propertyproslm.com/;;
Professional Golfcar Corp;Associate Member;Equipment dealer;;;;;;;PO Box 250, Bloomington, IN 47402;39.09, -86.47;765-352-8156;-;;;
Schneider Nursery; Inc.;Active Member;Class A;Conifers;Deciduous trees;Garden Center;Greenhouse;Grower;Retail;3066 US Hwy 50 E Seymour, IN, 47274-9806;38.9174839, -85.9810607;(812) 522-4068;-;http://www.schneidernursery.com/;
Reynolds Farm Equipment;Associate Member;Equipment dealer;Retail;;;;;;12501 Reynolds Dr, Fishers, IN 46038;39.9664824, -86.001894;(317) 849-0810;-;https://www.reynoldsfarmequipment.com/;;
Schrader Landscape Services;Active Member;Aquatics;Class D;Design/Build;In-House Landscape Management;Landscape Design;Lawncare/Landscape Maintenance;;3501 S Clay Bridge, Bloomington, IN 47401;39.1295919, -86.5063858;(812) 325-0202;-;http://schraderlandscapeservices.com;;
Salsbery Brothers Landscaping; Inc.;Active Member;Design/Build;Hardscape;In-House Landscape Management;Irrigation;Landscape Design;Lawncare/Landscape Maintenance;Platinum;4317 E 146th St, Carmel, IN 46033;39.9986931, -86.0953232;(317) 843-0l00;-;http://www.salsberybros.com;
Russo Power Equipment;Associate Member;Equipment dealer;Erosion Control;Lawncare/Landscape Maintenance;Out of State Business;Snow and Ice Removal;;;5612 Illinois Rd, Fort Wayne, IN 46804;41.07535379999999, -85.2144161;(260) 432-9438;-;https://www.russopower.com/;;
Rubley’s Nursery;Associate Member;Conifers;Deciduous trees;Grower;Ornamental Trees;Shrubs;Wholesale;;9689 Beersheba Highway, McMinnville, TN 37110;35.570009, -85.707256;(931) 668-1750;-;;;
RPM Machinery;Associate Member;Equipment dealer;;;;;;;3850 Heritage Drive, Lebanon, IN 46052;39.9851025, -86.4017415;(317) 856-3000;-;https://www.rpmmachinery.com/;;
Rose City Nursery;Active Member;Annuals;Class A;Conifers;Deciduous trees;Design/Build;Ground Covers;Hardscape;505 W Eaton Pike, Richmond, IN 47374;39.8287125, -84.8209054;(765) 962-5352;-;http://www.rosecitynursery.com/;;
Sand Point Living Interiors; Inc;Active Member;Class C;Design/Build;Hardscape;;;;;6901 Elzey St, Fort Wayne, IN 46809;41.0191561, -85.1729987;(260) 747-6362;-;;
Scenic Green;Active Member;Class C;Design/Build;Hardscape;Landscape Design;Snow and Ice Removal;;;PO Box 7816, Indianapolis, IN 46278;39.8911731, -86.2869507;(317) 370-6017;-;https://www.scenicgreen.com/;;
SavATree;Associate Member;;;;;;;;4621 E. 146th St., Carmel, IN 46033;40.0001486, -86.0912058;(317) 846-3778;-;https://www.savatree.com/;;
Retain It Landscaping;Active Member;Class A;Design/Build;Erosion Control;Hardscape;In-House Landscape Management;Landscape Design;Pools and Spas;4625 S 700 E Whitestown, IN 46075;39.975225747293, -86.336123050456;(317) 769-5540;-;http://www.retainitland.com/;;
Redwood Landscape NWI LLC;Active Member;Design/Build;Hardscape;Landscape Design;Lawncare/Landscape Maintenance;Platinum;Snow and Ice Removal;;14609 State Line Road, Cedar Lake, IN 46303;41.3521033, -87.525646;(219) 741-2250;-;https://redwoodlandscapenwi.com/;;
Restoration Nursery;Active Member;Class D;Conifers;Deciduous trees;Ornamental Trees;Retail;Wholesale;;7913 N 900 E, Lafayette, IN 47905;40.5328287, -86.7313231;(360) 631-8384;-;;;
Renaissance Management Services;Active Member;Class A;Design/Build;Hardscape;In-House Landscape Management;Landscape Design;Lawncare/Landscape Maintenance;Snow and Ice Removal;2550 E Business 30, Columbia City, IN 46725;41.1395785, -85.44287980000001;(260) 244-3053;-;https://www.renaissancelandscapes.com/;;
Rocks Etc.;Associate Member;Hardscape;Out of State Business;Soil Amendments;Wholesale;;;;18715 Rt. 84 North, Cordova, IL 61242;41.640625, -90.3360899;309-654-2261;-;https://www.xylemltd.com/;;
Robeson Farms;Active Member;Class D;Conifers;Deciduous trees;Grower;Ornamental Trees;Wholesale;;1776 N 200 E, Flora, IN 46929;40.5559415, -86.4819764;(765) 564-1361;-;https://www.robesonfarms.com/;;
Rite Quality;Affiliate Member;Business Services;;;;;;;710 N Washington St Kokomo, IN 46901;40.4923659, -86.13339599999999;800-580-7483;-;;;
Rickscapes LLC;Active Member;Class D;Design/Build;Erosion Control;Hardscape;Lawncare/Landscape Maintenance;Snow and Ice Removal;;10902 SR 17, Plymouth, IN 46563;41.3182682, -86.4009561;(574) 930-0571;;;;
Ricci’s Landscape Management Inc;Active Member;Design/Build;Hardscape;Irrigation;Landscape Design;Lawncare/Landscape Maintenance;Platinum;Snow and Ice Removal;502 Norbeh Dr, Hebron, IN 46341;41.3216924, -87.1921749;(219) 996-2682;-;https://www.rlminc.com/;;
Pro Care Horticultural Services;Active Member;Annuals;Class A;Conifers;Deciduous trees;Ground Covers;Hardscape;In-House Landscape Management;9801 Commerce Dr, Carmel, IN 46032;39.929545, -86.224285;;-;;;
Primeline Outdoor Living;Active Member;Class C;Design/Build;Landscape Design;Lawncare/Landscape Maintenance;;;;7998 Centerpoint Drive Ste 750, Indianapolis, IN 46256;39.9375925, -86.02730280000003;(317) 459-9020;;;;
Primary Grounds;Active Member;Class A;Design/Build;Erosion Control;Hardscape;In-House Landscape Management;Landscape Design;Lawncare/Landscape Maintenance;5234 W. Stones Crossing Rd., Greenwood, IN 46143;39.5799278, -86.2027681;(317) 422-9755;-;http://primarygrounds.com/;;
Reading Rock; Inc. — Fishers; Indiana;Associate Member;Hardscape Supplier/ Mulch;Retail;Wholesale;;;;;12595 Cumberland Rd, Fishers, IN 46038;39.9706448, -85.9935781;(317) 913-9442;-;Reading Rock
Reading Rock; Inc.;Associate Member;Hardscape Supplier/ Mulch;Retail;Wholesale;;;;;12595 Cumberland Road, Fishers, IN 46038;39.9706835, -85.99353819999999;(317) 913-9442;-;Reading Rock;
Rancha Inc. dba New Frontiers; Inc.;Active Member;Class A;Design/Build;Hardscape;;;;;60500 Bremen Hwy. Mishawaka, IN 46544;41.6137892, -86.1762488;(574) 255-4855;-;http://www.newfrontierslandscaping.com;
Purdue University Horticulture & Landscape Architecture Dept.;Active Member;Educational Facility/Agency;;;;;;;170 S University St #B024 West Lafayette, IN 47907;40.4228303, -86.9159689;(765) 494-7902;-;http://www.hort.purdue.edu;;
Purdue University Grounds Dept.;Active Member;Annuals;Class D;Design/Build;Erosion Control;Hardscape;In-House Landscape Management;Irrigation;695 S Russell Dr West Lafayette, IN 47907;40.4158938, -86.9198531;(765) 494-3087;-;;;
Premier Landscape & Design;Active Member;Annuals;Aquatics;Class C;Conifers;Deciduous trees;Ground Covers;Hardscape;Vincennes, IN 47591;38.677269, -87.5286325;(812) 886-1608;-;;;
Power Equipment Distributors; Inc;Associate Member;Equipment dealer;Out of State Business;Wholesale;;;;;69250 Burke Dr, Richmand, MI 48062;42.81127045703868, -82.74702995686951;(513) 200-2685;-;https://www.powereqp.com//;
Pool Builders by Aching Acres;Satellite Member;;;;;;;;8028 Azalea Dr., Evansville, IN 47712;37.932307, -87.6737529;812-305-2800;;;;
Perennials Plus;Active Member;Annuals;Conifers;Deciduous trees;Ground Covers;Grower;Ornamental Trees;Perennials;4510 W 166th St., Westfield, IN 46074;40.0282924, -86.2394715;(317) 867-5504;-;https://perennials-plus.com/;;
Pentecost Nursery;Active Member;Class D;Conifers;Deciduous trees;Grower;Ornamental Trees;Perennials;Retail;7394 S CR 750 E, Straughn, IN 47387;39.8256086, -85.2907795;(765) 332-2235;-;;;
Outdoor Environments Group;Active Member;Annuals;Conifers;Deciduous trees;Ground Covers;Hardscape;Irrigation;Landscape Design;4929 Robison Rd, Indianapolis, IN 46268;39.922272, -86.237589;(317) 292-9776;-;http://www.oeggroup.com/;;
Paver Rescue; Inc.;Active Member;Class B;Lawncare/Landscape Maintenance;;;;;;9386 Castlegate Dr, Indianapolis, IN 46256;39.924194, -86.0273371;(317) 649-5345;-;https://paverrescue.com/;
Oberfields;Associate Member;Hardscape Supplier/ Mulch;Out of State Business;;;;;;528 London Rd, Delaware, OH 43o15;40.28747000000001, -83.08523799999999;(740) 369-7644;;https://oberfields.com/;;
Norway Gardens; Inc.;Active Member;Class B;Hardscape;Landscape Design;Lawncare/Landscape Maintenance;;;;308 W. Walleston Ave, Monticello, IN 47960;40.7786401, -86.7635858;(574) 583-3811;-;https://www.norwaygardens.com/;
Northland Farms; LLC;Associate Member;Horticulture, Product Supplier;Out of State Business;;;;;;11161 120th Ave, West Olive, MI 49460;42.970916019034, -86.084963872864;(616) 846-1477;-;http://www.northlandfarmsllc.com/;
Oasis Outdoor Living & Landscape;Active Member;Design/Build;Hardscape;Landscape Design;Platinum;Pools and Spas;;;1300 E Broadway St, Fortville, IN 46040;39.9448801, -85.8249054;(317) 485-6514;-;https://myoasisoutdoor.com/;;
Noll Landscape Group; Inc.; The;Active Member;Class A;Design/Build;Hardscape;Landscape Design;Lawncare/Landscape Maintenance;;;10290 East 131st St, Fishers, IN 46038;39.9791694, -85.98518539999998;(317) 841-7559;-;https://www.nolllandscape.com/
Nick Rayman Landscape;Active Member;Annuals;Class C;Conifers;Deciduous trees;Landscape Design;Lawncare/Landscape Maintenance;Mulch;8033 W 21st St, Indianapolis, IN 46214;39.79336139999999, -86.3031051;317-694-1370;-;;;
Niemeyer’s Landscape Supply; Inc;Active Member;Annuals;Conifers;Deciduous trees;Garden Center;Ground Covers;Hardscape;Horticulture Supplies;810 N Indiana Ave, Crown Point, IN 46307;41.4263779, -87.3543556;(219) 663-1042;-;https://www.niemeyerstone.com/;
New Vistas Landscaping;Active Member;Class D;Landscape Design;;;;;;1808 Barclay Dr, Goshen, IN 46528-1146;41.6095, -85.87368989999999;(574) 534-3298;-;http://www.newvistas.net/;;
Nature’s Way; Inc.;Active Member;Aquatics;Design/Build;Erosion Control;Hardscape;In-House Landscape Management;Irrigation;Landscape Design;7330 N Wayport Road, Bloomington, IN 47408-8990;39.2631971, -86.5211674;(812) 876-7888;-;https://www.naturesway.net/;
Nature by Design Landscapes; Inc.;Active Member;Class B;Conifers;Deciduous trees;Design/Build;Erosion Control;Garden Center;Ground Covers;2563 N. Bruceville Rd, Vincennes, IN 47591;38.7321469, -87.4411137;(812) 726-1122;-;http://www.naturebydesignlandscapesinc.com/;
Nature’s Choice;Active Member;Annuals;Aquatics;Class A;Conifers;Deciduous trees;Erosion Control;Ground Covers;PO Box 1126, Brownsburg, IN 46112;39.8433769, -86.3977735;Ph: (317) 852-2647;-;https://www.natureschoicelandscaping.com/;;
Nature Rocks Design;Active Member;Annuals;Class D;Conifers;Deciduous trees;Erosion Control;Ground Covers;Hardscape;4040 Carrollton Ave., Indianapolis, IN 46205;39.8297151, -86.1439353;317-995-7368;-;;;
Naturalscape Services; Inc.;Active Member;Class C;Design/Build;Hardscape;Landscape Design;Lawncare/Landscape Maintenance;;;1549 E CR 450 N Seymour, IN 47274;38.9427819, -86.0098398;(812) 522-7332;-;http://www.naturalscapeservices.com/;
National Nursery Products; Inc.;Active Member;Class D;Conifers;Deciduous trees;Ground Covers;Ornamental Trees;Perennials;Shrubs;130 East Epler, Ste A, Indianapolis, IN 46227;39.6867156, -86.1550307;(317) 652-5927;-;http://nnpinc.net/;
Natural Stone and Tile; Inc;Associate Member;Equipment dealer;Hardscape Supplier/ Mulch;;;;;;8875 Bash St, Indianapolis, IN 46256;39.91637, -86.041063;(317) 863-5926;-;http://www.naturalstonetilegallery.com;
Musselman Landscape Solutions;Active Member;Horticulture Supplies;Mulch;Platinum;Retail;Soil Amendments;Wholesale;;17505 Durbin Rd (Hamilton Co.), Noblesville, IN 46060;40.0404632, -85.9105581;(317) 773-5399;-;https://musselmanlandscape.com/;;
Mulder Outdoors;Active Member;Class A;Design/Build;Erosion Control;Hardscape;Irrigation;Landscape Design;Lawncare/Landscape Maintenance;118 S 600 W, Hebron, IN 46341;41.4175974, -87.1815869;(219) 281-1842;-;https://www.mulderoutdoors.com;;
Minnetrista;Associate Member;Educational Facility/Agency;In-House Landscape Management;;;;;;1200 N Minnetrista Parkway, Muncie, IN 47303;40.205338, -85.388167;(765) 287-3563;;https://minnetrista.net/;;
Millcreek Gardens LLC;Annuals;Associate Member;Horticulture, Product Supplier;Out of State Business;;;;;15088 Smart-Cole Rd, Ostrander, OH 43061;40.234007, -83.174674;(740) 666-7125;-;http://millcreekplants.com/;;
McHutchinson LLC;Associate Member;Business Services;Consultant;Horticulture, Product Supplier;Out of State Business;Wholesale;;;1930 Buttonwood Rd, Louisville, KY 40222;38.275864, -85.625787;(502) 681-8073;-;https://www.mchutchison.com/;;
Midwest Trading Horticultural Supplies; Inc.;Associate Member;Horticulture Supplies;Mulch;Soil Amendments;;;;;48W805 IL-64, Maple Park, IL 60151 ;41.956602477461, -88.562135857178;(630) 365-1990;-;https://www.midwest-trading.com/;
McCammon’s Irish Market – Brownsburg;Active Member;Annuals;Class A;Conifers;Deciduous trees;Garden Center;Greenhouse;Ground Covers;3480 N State Road 267, Brownsburg, IN 45112;39.81382, -86.40152549999999;317-885-8707;-;http://www.mccammonsirishmarket.com;;
McCarty Mulch & Stone;Associate Member;Hardscape Supplier/ Mulch;Soil Amendments;;;;;;100 Bluffdale Drive, Greenwood, IN 46142;39.61079, -86.216814;(317) 885-1985;-;https://www.landscapemulch.com/;;
McCammon’s Irish Market;Active Member;Annuals;Class A;Conifers;Deciduous trees;Garden Center;Greenhouse;Ground Covers;620 Treybourne Dr. Greenwood, IN 46142;39.6239797, -86.1579615;317-885-8707;-;http://www.mccammonsirishmarket.com;;
Mathies Landscaping; Inc.;Active Member;Annuals;Class A;Conifers;Deciduous trees;Design/Build;Erosion Control;Hardscape;521 E Hendricks St, Shelbyville, IN 46176-0001;39.5218332, -85.7689474;(317) 398-9871;-;http://mathieslandscaping.com/;
Mid-State Truck Equipment;Associate Member;Equipment dealer;;;;;;;11020 Allisonville Rd, Fishers, IN 46038;39.9492297, -86.0433125;(317) 849-4903;-;http://www.mid-statetruck.com/;;
Meticulous Landscapes Inc.;Active Member;Aquatics;Class A;Design/Build;Hardscape;Landscape Design;Lawncare/Landscape Maintenance;;22698 State Rd 19, Cicero, IN 46034;40.118661, -86.0148301;(317) 370-7672;-;http://www.meticulouslandscapes.com/;;
Martin Marietta;Associate Member;;;;;;;;12220 N Meridian St., Ste. 100, Carmel, IN 46032;39.96903349999999, -86.1593584;(463) 206-0446;;;;
Medxcel Facilities Management;Associate Member;In-House Landscape Management;Non for Profit;;;;;;2150 Covey Lane, Indianapolis, IN 46074;39.9012314, -86.1988845;(765) 438-5113;-;;;
Mark M. Holeman; Inc.;Active Member;Design/Build;Hardscape;Landscape Design;Lawncare/Landscape Maintenance;Platinum;Pools and Spas;Snow and Ice Removal;7871 Hague Road, Indianapolis, IN 46256-1753;39.8975099, -86.0306934;(317) 849-3120;-;http://www.holemanlandscape.com/;
Mainscape; Inc.;Active Member;Irrigation;Lawncare/Landscape Maintenance;Platinum;Snow and Ice Removal;;;;13418 Britton Park Rd., Fishers, IN 46038;39.9858803, -86.00693509999999;(317) 577-3155;-;;
MacAllister Machinery Co.; Inc.;Associate Member;Equipment dealer;Retail;;;;;;5401 Elmwood Ave, Indianapolis, IN 46203;39.7050642, -86.0746046;(317) 788-4624;-;https://www.macallister.com/;
LML Estate Management;Active Member;Design/Build;Hardscape;In-House Landscape Management;Landscape Design;Lawncare/Landscape Maintenance;Platinum;Pools and Spas;2828 Freeman St, Fort Wayne, IN 46802;41.0572473, -85.1823199;(260) 459-3707;-;https://www.lmlestatemanagement.com/;;
Listerman & Associates Inc;Associate Member;Consultant;Horticulture, Product Supplier;Wholesale;;;;;836 Distribution Dr, Beavercreek, OH 45434;39.711587, -84.01191999999999;(937) 426-6301;-;http://listermanassociates.com/;;
Linton’s Enchanted Gardens;Active Member;Annuals;Class A;Conifers;Deciduous trees;Design/Build;Erosion Control;Garden Center;315 CR 17, Elkhart, IN 46516;41.6928771, -85.8888758;(574) 293-9699;-;http://www.lintons.com/;;
LGI Landscaping;Active Member;Class D;Erosion Control;Hardscape;In-House Landscape Management;Landscape Design;Lawncare/Landscape Maintenance;;7849 Castle Lane, Indianapolis, IN 46256;39.8796669, -86.0280234;(317) 519-1673;;;;
Shade Trees Unlimited; Inc;Active Member;Class A;Conifers;Deciduous trees;Design/Build;Hardscape;Landscape Design;Ornamental Trees;1785 W. Keiser Road Columbia City, IN 46725;41.0966755, -85.5212807;(260) 248-2733;-;http://www.shadetreesunlimited.com/;
Small’s Landscaping; Inc.;Active Member;Annuals;Class D;Conifers;Deciduous trees;Design/Build;Ground Covers;Hardscape;310 N. 325 E. (Porter Co.), Valparaiso, IN 46384;41.4797596, -87.0029917;(219) 476-7400;-;https://smallslandscaping.com/;
Ski Landscape Corp.;Active Member;Conifers;Deciduous trees;Design/Build;Hardscape;In-House Landscape Management;Landscape Design;Lawncare/Landscape Maintenance;9786 E 56th St, Indianapolis, IN 46236;39.8564269, -85.995529;(317) 897-5885;-;http://www.skilandscape.com/;;
Serviscape; Inc.;Active Member;Class A;Design/Build;Hardscape;Irrigation;Landscape Design;Lawncare/Landscape Maintenance;;PO Box 8658, Michigan City, IN 46360-8658;41.7075394, -86.8950297;(219) 872-9412;-;http://www.getserviscape.com/;
Sovereign Landscape;Active Member;Class A;Hardscape;Landscape Design;Lawncare/Landscape Maintenance;;;;11460 Greenfield Ave., Noblesville, IN 46060;40.0130712, -85.9626849;(317) 219-6222;-;https://www.sovereignlandscape.com/;;
Terebinth Tree Care;Active Member;Class D;Lawncare/Landscape Maintenance;;;;;;3315 W Bear Claw Rd., Trafalgar, IN 46181;39.387329, -86.16646;(317) 507-4197;-;https://terebinthtreecare.com/;;
Stone Center of Indiana; LLC;Associate Member;Hardscape Supplier/ Mulch;;;;;;;5272 E 65th St, Indianapolis, IN 46220;39.8782639, -86.0800185;(317) 849-9100;-;https://stonecenterofindiana.com/;
Techo-Bloc Inc.;Associate Member;Hardscape Supplier/ Mulch;;;;;;;5255 Rue Albert Millichamp, St. Hubert QC J3Y 8Z8;45.466446, -73.42232820000001;514-295-2289;-;;;
Thomas Lawn & Landscape; Inc;Active Member;Class D;Design/Build;Hardscape;Irrigation;Landscape Design;Lawncare/Landscape Maintenance;Snow and Ice Removal;5430 Rock Hampton Court (Marion County), Indianapolis, IN 46268;39.9148492, -86.2562133;(317) 757-5067;-;https://www.thomaslawnscapes.com/;
Turfworx Inc;Active Member;Class C;Conifers;Ground Covers;In-House Landscape Management;Lawncare/Landscape Maintenance;Perennials;Shrubs;10542 Jessup Blvd Indianapolis, IN 46280;39.940955, -86.14467499999999;(317) 843-1393;-;http://www.turfworxinc.com/;;
Vibrant Outdoors;Active Member;Design/Build;Erosion Control;Hardscape;In-House Landscape Management;Irrigation;Landscape Design;Lawncare/Landscape Maintenance;3980 Perry Blvd., Whitestown, IN 46075;39.9706901, -86.3936003;(317) 769-3308;-;http://www.vibrantoutdoors.com;;
Unilock;Associate Member;Hardscape;Wholesale;;;;;;301 E Sullivan Rd, Aurora, IL 60505;41.7878477, -88.3064656;(630) 892-9191;-;https://unilock.com/;;
Walnut Ridge Nursery and Garden Center;Active Member;Annuals;Conifers;Deciduous trees;Design/Build;Garden Center;Ground Covers;Grower;2108 Hamburg Pike, Jeffersonville, IN 47130-6396;38.2958037, -85.7463256;(812) 288-6691;-;https://walnutridge.com/;;
Waldo & Associates; Inc;Associate Member;Horticulture, Product Supplier;Out of State Business;;;;;;PO Box 990, Perrysburg, OH 43551;41.556996, -83.627157;(419) 666-3662;-;http://waldoinc.com/;
Weed Man Lawncare;Active Member;Platinum;Retail;;;;;;574 Wheeling Road, Wheeling, IL 60090;42.1299002, -87.9277351;262-271-5810;-;http://www.weedman.com;;
Rozzi Greenhouse;Active Member;Annuals;Class C;Deciduous trees;Garden Center;Lawncare/Landscape Maintenance;Mulch;Ornamental Trees;2398 Burlington Ave, Logansport, IN 46947;40.730441, -86.378264;(574) 735-3503;-;;;
Willoway Nursery;Annuals;Associate Member;Conifers;Deciduous trees;Greenhouse;Ground Covers;Grower;Ornamental Trees;4534 Center Rd. Avon, OH 44011;41.4242082, -82.0192136;(866) 934-4435  toll free;-;https://www.willowaynurseries.com/;;
MG Landscape & Irrigation;Active Member;Class B;Design/Build;Erosion Control;Hardscape;Irrigation;Landscape Design;Lawncare/Landscape Maintenance;610 S Shortridge Rd, Indianapolis, IN 46239;39.7602522, -86.0411292;(317) 861-6080;-;http://www.mglandscapeandirrigation.com/;;
Me and My Diddy LLC;Active Member;Class C;Hardscape;In-House Landscape Management;Landscape Design;Lawncare/Landscape Maintenance;Snow and Ice Removal;;1518 E Washington St, Ste 300, Indianapolis, IN 46201;39.7674329, -86.1327597; (317) 488-7761;-;;;
Wright Implement;Associate Member;Equipment dealer;;;;;;;1250 W 2nd St, Seymour, IN 47274;38.9550879, -85.9042171;812-522-1922;-;http://www.wrightimp.com;;
Woody Warehouse Nursery; Inc.;Active Member;Conifers;Deciduous trees;Grower;Ornamental Trees;Perennials;Platinum;Retail;3339 W 850 N, Lizton, IN 46149;39.8863398, -86.5825689;(317) 994-5487;-;https://www.woodywarehouse.com/;
Wilde Horticultural Services; Inc;Active Member;Class A;Design/Build;Hardscape;Landscape Design;;;;510 SE First St, Evansville, IN 47713;37.9654416, -87.570385;(812) 604-5322;-;https://wildespaces.com/;
Wichman’s Landscape; LLC;Active Member;Annuals;Class D;Conifers;Deciduous trees;Ground Covers;Hardscape;Irrigation;112 E 575 N, Washington, IN 47501;38.7459188, -87.1648535;(812) 257-1255;-;http://www.wichmanslandscape.com/;
White’s Residental & Family Services;Affiliate Member;;;;;;;;5233 S 50 E, Wabash, IN46952;40.7464675, -85.7817254;(260) 563-1158;-;;;
White’s Creative Landscaping; Inc.;Active Member;Class D;Hardscape;Irrigation;Landscape Design;;;;672 E Springhill Rd, Terre Haute, IN 47802-4449;39.4123981, -87.4084055;(812) 232-2417;-;http://whitescreativelandscaping.com/;
Wasson Nursery;Active Member;Annuals;Conifers;Deciduous trees;Design/Build;Garden Center;Ground Covers;Grower;3737 N 500 W, Muncie, IN 47304;40.2237825, -85.4818169;(765) 759-9000;-;https://wassonnursery.com/;;
Weaver Lawn & Landscape; Inc.;Active Member;Class A;Landscape Design;Lawncare/Landscape Maintenance;Snow and Ice Removal;;;;PO Box 6224, South Bend, IN 46660;41.69, -86.20999990000001;(574) 277-4067;-;https://www.weaverlawn.com/;
Ward’s Landscape Service; Inc.;Active Member;Class D;Design/Build;Hardscape;Landscape Design;;;;910 Industrial Blvd, New Albany, IN 47150;38.3374221, -85.8265256;(812) 948-2919;-;http://www.wardslandscape.net/;
Walters Gardens; Inc. / National Nursery Products;Associate Member;Horticulture, Product Supplier;Out of State Business;;;;;;3650 Golfview Dr., Williamston, MI 48895;42.6920245, -84.2889581;(309) 258-1630;-;https://www.nnpinc.net/;
White River State Park;Affiliate Member;;;;;;;;801 W Washington St. Indianapolis, IN 46204;39.7665145, -86.17060599999999;317-945-7800;-;;;
West Side Tractor Sales;Associate Member;Equipment dealer;;;;;;;7355 East 30th Street, Indianapolis, IN 46219;39.8101718, -86.0383802;(317) 544-3411;-;https://www.westsidetractorsales.com/;;
Wesley’s Landscape;Active Member;Design/Build;Hardscape;Irrigation;Landscape Design;Lawncare/Landscape Maintenance;Platinum;Snow and Ice Removal;817 E 199th St, Westfield, IN 46074;40.0756594, -86.144212;(317) 867-1796;-;http://wesleyslandscape.com/;;
Wells Lawn Care;Active Member;Class A;Landscape Design;Lawncare/Landscape Maintenance;Snow and Ice Removal;;;;575 W. Simpson Chapel Rd, Bloomington, IN 47404;39.2783545, -86.52417319999999;(812) 272-9336;-;http://www.wellslawn.com/;;
Wellspring Land Design;Active Member;Class B;Design/Build;Hardscape;Landscape Design;;;;11950 Sandy Dr., Zionsville, IN 46077;39.9578103, -86.2417371;(765) 894-5263;-;;;
Voigt Smith Innovation (VSI);Associate Member;Equipment dealer;Snow and Ice Removal;;;;;;208 S 2nd Ave, Holland, IN 47541;38.2477276, -87.0382418;(812) 354-4638;-;https://vsinnovation.com/;;
Vincennes University – Hort Tech Program;Affiliate Member;Educational Facility/Agency;;;;;;;1002 N First St., Updike Hall 35, Vincennes, IN 47591;38.6887152, -87.5222502;(812) 888-4586;-;https://www.vinu.edu/;;
Twixwood Nursery LLC;Associate Member;Ground Covers;Out of State Business;Perennials;Wholesale;;;;PO Box 247, Berrien Springs, MI 49103;41.94745, -86.3384608;(269) 471-7408;-;https://twixwood.com/;;
Vive Exterior Design;Active Member;Class A;Conifers;Deciduous trees;Ground Covers;Perennials;Shrubs;Turf/Sod;12595 Cumberland Rd, Fishers, IN 46038;39.9706448, -85.99357809999998;(317) 813-2567;-;http://viveexterior.com/;;
Tuttle’s Nursery & Landscape; Inc.;Active Member;Class A;Deciduous trees;Grower;Hardscape;Irrigation;Landscape Design;Lawncare/Landscape Maintenance;7307 W 300 S New Palestine, IN 46163;39.737025, -85.938153;(317) 861-8733;-;https://www.tuttlesnursery.com/;
Tuscan Valley Landscaping LTD;Annuals;Class B;Hardscape;Irrigation;Landscape Design;Lawncare/Landscape Maintenance;;;5647 N 350 E, Rolling Prairie, IN 46371;41.6891336, -86.6490438;(219) 861-3459;-;https://tuscanvalleylandscaping.com/;;
Turner Nursery;Active Member;Class D;Conifers;Deciduous trees;Snow and Ice Removal;Wholesale;;;6301 Robinson Rd, Nabb, IN 47147;38.5965213, -85.54771299999999;(502) 682-3745;;;;
Vermeer Midwest;Associate Member;Equipment dealer;;;;;;;13402 Britton Park Rd, Fishers, IN 46038;39.9842456, -86.0071344;(317) 842-1040;-;https://www.vermeermidwest.com/;;
Vega’s Landscaping;Active Member;Class A;Design/Build;Hardscape;Irrigation;Landscape Design;Snow and Ice Removal;;79 W US Hwy 6, Valparaiso, IN 46385;41.5504531, -87.0838622;(219) 476-4300;-;https://vegas-landscaping.com/;;
Vandenberg Hort;Associate Member;Horticulture, Product Supplier;Out of State Business;Soil Amendments;;;;;PO Box 468, Howell, MI 48844;42.61586459999999, -83.9638013;(800) 955-3813;-;https://vandenberghort.com/;;
VanBeck Services; Inc;Active Member;Class C;Class D;Design/Build;Hardscape;Landscape Design;Lawncare/Landscape Maintenance;;PO Box 6952, Evansville, IN 47719;38.0515795, -87.68761119999999;(812) 618-2010;-;http://www.vanbeckservices.com/;
Turf Plus LLC;Active Member;Class C;Design/Build;Hardscape;Irrigation;Landscape Design;Lawncare/Landscape Maintenance;Snow and Ice Removal;4315 E. Morgan Ave., Ste. D Evansville, IN 47715;37.9912447, -87.4974714;(812) 454-3229;-;;;
Tri State Foliage; Inc;Associate Member;Horticulture, Product Supplier;;;;;;;10520 Pippin Rd, Cincinnati, OH 45231;39.2664395, -84.5724144;(513) 825-1885;-;https://www.tristatefoliage.com/;
Tres Beaux Gardens Inc;Active Member;Class D;Conifers;Deciduous trees;Design/Build;Ground Covers;Grower;Hardscape;10910 W Rosewood Circle, Fort Wayne, IN 46845;41.1829471, -85.1365313;(260) 637-5385;-;;;
Tiffany Lawn & Garden Supply; Inc.;Associate Member;Hardscape Supplier/ Mulch;Horticulture, Product Supplier;Ponds;Soil Amendments;;;;4931 Robison Rd, Indianapolis, IN 46268;39.9226852, -86.2431195;(317) 228-4900;-;http://tiffanylawnandgarden.com/;
The Treeman; Inc.;Active Member;Class B;;;;;;;2723 W 23rd St., Anderson, IN 46011;40.0922714, -85.7150947;(317) 370-9330;;;
The Rooted Barrel;Active Member;Annuals;Class D;Design/Build;Landscape Design;Lawncare/Landscape Maintenance;Mulch;Perennials;610 E Hillsdale Rd,  Evansville, IN 47725;38.0796137, -87.5538582; (812) 598-9862;-;http://www.therootedbarrel.com/;;
The Methodist Hospitals;Active Member;Class D;In-House Landscape Management;;;;;;8701 Broadway, Merrillville, IN 46410;41.4582307, -87.331597;(219) 757-7430;-;;;
The Green Executive;Affiliate Member;Consultant;;;;;;;Columbia, IL 62236;38.44366369999999, -90.2012239;(618) 779-2402;-;https://thegreenexecutive.com/;;
The F.A. Bartlett Tree Expert Co.;Associate Member;Business Services;Consultant;;;;;;5360 W 84th St, Indianapolis, IN 46268;39.9076208, -86.2521268;(317) 879-1010;-;https://www.bartlett.com/;;
The Excel Center Lafayette;Affiliate Member;Educational Facility/Agency;;;;;;;615 N. 18th Street Lafayette, IN 47904;40.4231859, -86.8765246;(317) 524-3641;-;https://excelcenter.org/;;
The Excel Center – West (Goodwill);Affiliate Member;Educational Facility/Agency;;;;;;;6000 W 34th St, Indianapolis, IN 46224;39.817338, -86.26440099999999;(317) 524-4005;-;https://excelcenter.org/;;
The Excel Center – Kokomo;Affiliate Member;Educational Facility/Agency;;;;;;;101 W Superior St, Kokomo, IN 46901;40.4852813, -86.1316859;(317) 524-3862;-;http://www.excelcenter.org;;
The Backyard Gardeners LLC;Active Member;Class B;Design/Build;Hardscape;Landscape Design;Lawncare/Landscape Maintenance;;;4476 South 00 N.E., Kokomo, IN 46902;40.4123075, -86.1255013;(765) 868-8468;-;https://www.bygkokomo.com/;;
Susan Smith;Affiliate Member;;;;;;;;Eaton, IN;40.3403206, -85.35080459999999;;;;;
SURROUNDINGS by NatureWorks +;Active Member;Class A;Design/Build;Erosion Control;Hardscape;Landscape Design;;;200 South Rangeline Rd #120A, Carmel, IN 46032;39.9767889, -86.1275496;(317) 575-0482;-;https://choosesurroundings.com/;;
Sundown Gardens; Inc.;Active Member;Annuals;Conifers;Deciduous trees;Design/Build;Garden Center;Ground Covers;Hardscape;505 W 186th St, Westfield, IN 46074;40.055875, -86.167374;(317) 846-0620;-;http://www.sundowngardens.com/;
Start to Finish Landscaping;Active Member;Deciduous trees;Design/Build;Erosion Control;Hardscape;Landscape Design;Lawncare/Landscape Maintenance;Platinum;3375 S 500 E  Whitestown, IN 4607;39.9912044, -86.3742207;(317) 769-2211;-;https://www.starttofinish.com;;
Stantec Native Plant Nursery;Active Member;Aquatics;Design/Build;Erosion Control;Perennials;Platinum;Wholesale;;128 Sunset Dr, Walkerton, IN 46574;41.4583267, -86.4940616;(574) 586-2412;-;https://www.stantec.com/nursery;;
Spence Restoration Nursery; Inc.;Active Member;Class C;Native Plants and Seed;Wholesale;;;;;2220 E Fuson Rd, Muncie, IN 47302;40.152703, -85.359253;(765) 286-7154;-;http://www.spencenursery.com/;
Splash of Life Landscaping LLC;Active Member;Class C;Design/Build;Hardscape;Landscape Design;Lawncare/Landscape Maintenance;;;876 Rustic Acres Lane, Hebron, IN 46341;41.306915, -87.1651748;219-216-8910;-;;;
Southlake Services;Active Member;Annuals;Class C;Conifers;Deciduous trees;Ground Covers;Hardscape;Landscape Design;9808 Broadway, Crown Point, IN 46307;41.4398877, -87.3359859;(219) 718-2337;-;https://southlakellc.com/;;
Southern View Nursery;Active Member;Annuals;Conifers;Deciduous trees;Ground Covers;Grower;Perennials;Platinum;9494 W Base Rd., Arlington, IN 46104;39.612739, -85.62253299999999;765-914-1468;-;http://www.southernviewnursery.com;;
Smoot Landscaping LLC;Active Member;Aquatics;Class A;Design/Build;Erosion Control;Hardscape;Irrigation;Landscape Design;333 N Commerce Dr, Muncie, IN 47303;40.2206059, -85.343108;(765) 216-1087;-;https://smootlandscaping.net/;;
Smith Projects;Active Member;Class D;;;;;;;238 North Main St Maxwell, IN 46154;39.862433, -85.7722271;(317) 326-8000;-;;;
Second Nature Landscape Management; Inc;Active Member;Aquatics;Class A;Design/Build;Erosion Control;Hardscape;In-House Landscape Management;Irrigation;PO Box 651, Newburgh, IN 47629;37.944738203607, -87.404592666626;(812) 483-7187;-;http://www.secondnaturelm.com/;
Season’s Landscape Specialties; Inc.;Active Member;Annuals;Class B;Conifers;Deciduous trees;Ground Covers;Hardscape;In-House Landscape Management;7111 Cline Ave Schererville, IN 46375;41.48684799999999, -87.429559;(219) 322-5787;-;https://www.seasonslandscapeinc.com/;
Seacat Landscaping;Active Member;Class A;Design/Build;Erosion Control;Landscape Design;Lawncare/Landscape Maintenance;Snow and Ice Removal;;5688 Watson Rd, Greenwood, IN 46143;39.6250023, -85.9966071;(317) 695-5962;-;http://seacatlandscaping.com;;
Schuetz Insurance Services; Inc.;Associate Member;Business Services;;;;;;;1531 Indiana Ave, Indianapolis, IN 46202;39.7880622, -86.1831623;(317) 639-5679;-;http://www.schuetzinsurance.com;
SiteOne Landscape Supply;Active Member;Annuals;Conifers;Deciduous trees;Ground Covers;Horticulture Supplies;Mulch;Ornamental Trees;20238 Hague Rd, Noblesville, IN 46060;40.0814731, -86.03249399999999;(317) 770-8950;-;https://www.siteone.com/;;
Silver Lining Landscaping;Active Member;Class C;Design/Build;Erosion Control;Hardscape;In-House Landscape Management;Landscape Design;Lawncare/Landscape Maintenance;PO Box 836, Brownsburg, IN 46112;39.8560912, -86.3858078;(317) 902-5411;-;https://www.silverlininglandscaping.com/;;
